Site,Location,Session,MSE,PSNR,NMI,SSIM,SoftwareVersion,Temperature
137-0009,St Thomas,2023-06-19 16_41_59,0.0024223191274116,33.87393627716831,1.4733675283039684,0.9826781125097546,rc8.6.0,
137-0009,St Thomas,2023-06-19 16_41_59,0.0024222142550802,33.87412430549311,1.4733598711316889,0.9826783643596018,rc8.6.0,
137-0009,St Thomas,2023-06-21 09_56_57,0.002332520369528,33.92987952781479,1.474569815016621,0.9835192157928596,rc8.6.0,
137-0009,St Thomas,2023-06-21 09_56_57,0.002332407101559,33.930090427787846,1.4745756344888852,0.9835202238859208,rc8.6.0,
137-0009,St Thomas,2023-06-22 09_33_34,0.0023714996696782,33.894681348426026,1.4739633165723256,0.9830039086123622,rc8.6.0,
137-0009,St Thomas,2023-06-22 09_33_34,0.0023711186034688,33.895379253856326,1.473982304165796,0.9830035523673258,rc8.6.0,
137-0009,St Thomas,2023-06-23 09_45_31,0.0023447041335971,34.258311408034025,1.4785232457954982,0.9833414509102258,rc8.6.0,
137-0009,St Thomas,2023-06-23 09_45_31,0.002344667266541,34.25837969505011,1.478525046848602,0.9833417011257218,rc8.6.0,
137-0009,St Thomas,2023-06-26 11_40_09,0.0023781730907359,33.71225329107729,1.4715137479777656,0.983038699314228,rc8.6.0,
137-0009,St Thomas,2023-06-26 11_40_09,0.0023782753774015,33.71206650240619,1.4715097716032448,0.9830383946590144,rc8.6.0,
137-0009,St Thomas,2023-06-28 12_26_18,0.0023638717167419,34.45097200213831,1.4803632998614251,0.9830619225348992,rc8.6.0,
137-0009,St Thomas,2023-06-28 12_26_18,0.0023638127347424,34.45108036621032,1.4803679865707056,0.9830617185299084,rc8.6.0,
137-0009,St Thomas,2023-06-29 17_54_09,0.0023937483904648,34.31431026231967,1.478994887937734,0.9826472067294968,rc8.6.0,
137-0009,St Thomas,2023-06-29 17_54_09,0.0023937483904648,34.31431026231967,1.478994887937734,0.9826472067294968,rc8.6.0,
137-0009,St Thomas,2023-06-30 09_39_57,0.002367410107362,34.3825499970004,1.4799933077239351,0.9829224184926634,rc8.6.0,
137-0009,St Thomas,2023-06-30 09_39_57,0.002367410107362,34.3825499970004,1.4799933077239351,0.9829224184926634,rc8.6.0,
137-0009,St Thomas,2023-07-03 09_41_59,0.002442420867869,33.66770780655126,1.4708586764799414,0.9826082370659524,rc8.6.0,
137-0009,St Thomas,2023-07-03 09_41_59,0.002442420867869,33.66770780655126,1.4708586764799414,0.9826082370659524,rc8.6.0,
137-0009,St Thomas,2023-07-04 16_22_44,0.0023710969718553,34.01608131809629,1.47529116474343,0.9830868504602148,rc8.6.0,
137-0009,St Thomas,2023-07-04 16_22_44,0.0023710969718553,34.01608131809629,1.47529116474343,0.9830868504602148,rc8.6.0,
137-0009,St Thomas,2023-07-05 15_43_38,0.0023441644814176,33.84151711119562,1.4743847039144444,0.9825799195136398,rc8.6.0,
137-0009,St Thomas,2023-07-05 15_43_38,0.0023441644814176,33.84151711119562,1.4743847039144444,0.9825799195136398,rc8.6.0,
137-0009,St Thomas,2023-07-07 08_47_43,0.0023406246445032,34.05333424681054,1.476237327135972,0.9832134222002512,rc8.6.0,
137-0009,St Thomas,2023-07-07 08_47_43,0.0023406246445032,34.05333424681054,1.476237327135972,0.9832134222002512,rc8.6.0,
137-0009,St Thomas,2023-07-10 09_25_45,0.0023281695078347,33.993582063013925,1.4750339708956757,0.9830826188916528,rc8.6.0,
137-0009,St Thomas,2023-07-10 09_25_45,0.0023281695078347,33.993582063013925,1.4750339708956757,0.9830826188916528,rc8.6.0,
137-0009,St Thomas,2023-07-19 09_56_52,0.0026113320332528,34.5232644770353,1.485251299696242,0.9826302030436564,rc8.7.0_Beta1,
137-0009,St Thomas,2023-07-19 09_56_52,0.0026113320332528,34.5232644770353,1.485251299696242,0.9826302030436564,rc8.7.0_Beta1,
137-0009,St Thomas,2023-07-21 09_40_01,0.0024900628642896,34.567808089135376,1.4864889208233882,0.9840056101698488,rc8.7.0_Beta1,22.0
137-0009,St Thomas,2023-07-21 09_40_01,0.0024900628642896,34.567808089135376,1.4864889208233882,0.9840056101698488,rc8.7.0_Beta1,22.0
137-0009,St Thomas,2023-07-24 12_50_55,0.0024612650927467,35.01700072052288,1.4924033036420858,0.9835827108153816,rc8.7.0_Beta1,22.0
137-0009,St Thomas,2023-07-24 12_50_55,0.0024612650927467,35.01700072052288,1.4924033036420858,0.9835827108153816,rc8.7.0_Beta1,22.0
137-0009,St Thomas,2023-07-25 09_43_14,0.0024401837268019,34.62418960834607,1.4877931837419862,0.9835563666318244,rc8.7.0_Beta1,22.0
137-0009,St Thomas,2023-07-25 09_43_14,0.0024401837268019,34.62418960834607,1.4877931837419862,0.9835563666318244,rc8.7.0_Beta1,22.0
137-0009,St Thomas,2023-07-26 09_34_00,0.0023581614474305,34.917568009354284,1.4920261368131462,0.9842056591095236,rc8.7.0_Beta1,22.0
137-0009,St Thomas,2023-07-26 09_34_00,0.0023581614474305,34.917568009354284,1.4920261368131462,0.9842056591095236,rc8.7.0_Beta1,22.0
137-0009,St Thomas,2023-07-27 15_15_03,0.0024504657976106,34.684022822514834,1.4884495796686696,0.9834648962581458,rc8.7.0_Beta1,22.0
137-0009,St Thomas,2023-07-27 15_15_03,0.0024504657976106,34.684022822514834,1.4884495796686696,0.9834648962581458,rc8.7.0_Beta1,22.0
137-0009,St Thomas,2023-07-31 13_18_16,0.0024561829845971,34.852833524902785,1.490786967965072,0.9836210411627374,rc8.7.0_Beta1,21.0
137-0009,St Thomas,2023-07-31 13_18_16,0.0024561829845971,34.852833524902785,1.490786967965072,0.9836210411627374,rc8.7.0_Beta1,21.0
137-0009,St Thomas,2023-08-07 15_01_55,0.0024900300216393,34.68669883955264,1.4885499102830737,0.9835672034607515,rc8.7.0_Beta1,22.0
137-0009,St Thomas,2023-08-07 15_01_55,0.0024900300216393,34.68669883955264,1.4885499102830737,0.9835672034607515,rc8.7.0_Beta1,22.0
137-0009,St Thomas,2023-08-09 09_33_10,0.0026622574753527,34.314306524390766,1.4817241632290097,0.982804116328284,rc8.7.0_Beta1,21.0
137-0009,St Thomas,2023-08-09 09_33_10,0.0026622574753527,34.314306524390766,1.4817241632290097,0.982804116328284,rc8.7.0_Beta1,21.0
137-0009,St Thomas,2023-09-05 09_35_27,0.0025712015480118,34.84791232886118,1.4892900842328962,0.9831316327828782,rc8.7.0_Beta1,21.0
137-0009,St Thomas,2023-09-05 09_35_27,0.0025712015480118,34.84791232886118,1.4892900842328962,0.9831316327828782,rc8.7.0_Beta1,21.0
137-0009,St Thomas,2023-09-07 09_28_41,0.002436399948128,34.804909966499544,1.489958728442026,0.9842089342671492,rc8.7.0_Beta1,22.0
137-0009,St Thomas,2023-09-07 09_28_41,0.002436399948128,34.804909966499544,1.489958728442026,0.9842089342671492,rc8.7.0_Beta1,22.0
137-0009,St Thomas,2023-09-11 16_14_44,0.0023711023991269,34.94773981489232,1.4925510571331502,0.9845337092087147,rc8.7.0_Beta1,22.0
137-0009,St Thomas,2023-09-11 16_14_44,0.0023711023991269,34.94773981489232,1.4925510571331502,0.9845337092087147,rc8.7.0_Beta1,22.0
137-0009,St Thomas,2023-09-12 09_20_18,0.0025632306179495,34.72394848529168,1.4879838252680118,0.9834585178658704,rc8.7.0_Beta1,22.0
137-0009,St Thomas,2023-09-12 09_20_18,0.0025632306179495,34.72394848529168,1.4879838252680118,0.9834585178658704,rc8.7.0_Beta1,22.0
137-0009,St Thomas,2023-09-18 15_48_53,0.0023142797047494,35.18131115524727,1.4955695074286957,0.9850628017888788,rc8.7.0_Beta1,21.0
137-0009,St Thomas,2023-09-18 15_48_53,0.0023142797047494,35.18131115524727,1.4955695074286957,0.9850628017888788,rc8.7.0_Beta1,21.0
137-0009,St Thomas,2023-10-03 16_20_58,0.0024630053977979,35.04745270061961,1.492383129829834,0.9840903708465418,rc8.7.0_Beta1,20.0
137-0009,St Thomas,2023-10-03 16_20_58,0.0024630053977979,35.04745270061961,1.492383129829834,0.9840903708465418,rc8.7.0_Beta1,20.0
137-0009,St Thomas,2023-10-04 14_23_03,0.0024729886167561,35.44588580395012,1.4974999626956988,0.9840516061624076,rc8.7.0_Beta1,20.0
137-0009,St Thomas,2023-10-04 14_23_03,0.0024729886167561,35.44588580395012,1.4974999626956988,0.9840516061624076,rc8.7.0_Beta1,20.0
137-0009,St Thomas,2023-10-16 14_37_46,0.0027185881620069,34.40426959356586,1.4829338351040362,0.9821644653088412,rc8.7.0_Beta1,20.0
137-0009,St Thomas,2023-10-16 14_37_46,0.0027185881620069,34.40426959356586,1.4829338351040362,0.9821644653088412,rc8.7.0_Beta1,20.0
137-0009,St Thomas,2023-10-19 08_31_53,0.0023702221630685,35.19856917398931,1.4963834598323,0.9836699641592904,rc8.7.0_Beta1,22.0
137-0009,St Thomas,2023-10-19 08_31_53,0.0023702221630685,35.19856917398931,1.4963834598323,0.9836699641592904,rc8.7.0_Beta1,22.0
137-0009,St Thomas,2023-10-31 10_22_32,0.0023503987958858,35.273443992262926,1.496944076783187,0.9844857068391412,rc8.7.0_Beta1,22.0
137-0009,St Thomas,2023-10-31 10_22_32,0.0023503987958858,35.273443992262926,1.496944076783187,0.9844857068391412,rc8.7.0_Beta1,22.0
137-0009,St Thomas,2023-11-16 14_58_30,0.002448937303593,34.796723431445784,1.489796907587303,0.9838837352462249,rc8.7.0_Beta1,22.0
137-0009,St Thomas,2023-11-16 14_58_30,0.002448937303593,34.796723431445784,1.489796907587303,0.9838837352462249,rc8.7.0_Beta1,22.0
137-0009,St Thomas,2023-11-17 09_37_57,0.0024977037486396,34.67706076839568,1.4878104206388971,0.9828080921201932,rc8.7.0_Beta1,22.0
137-0009,St Thomas,2023-11-17 09_37_57,0.0024977037486396,34.67706076839568,1.4878104206388971,0.9828080921201932,rc8.7.0_Beta1,22.0
137-0009,St Thomas,2024-03-11 11_52_51,0.0024644255248895,34.896365383152165,1.4907576036029038,0.9842070595917424,rc8.7.0_Beta1,21.0
137-0009,St Thomas,2024-03-11 11_52_51,0.0024644255248895,34.896365383152165,1.4907576036029038,0.9842070595917424,rc8.7.0_Beta1,21.0
137-0009,St Thomas,2024-03-12 09_34_59,0.0026259930996394,34.73004491086452,1.4872955005001065,0.9833539617094084,rc8.7.0_Beta1,21.0
137-0009,St Thomas,2024-03-12 09_34_59,0.0026259930996394,34.73004491086452,1.4872955005001065,0.9833539617094084,rc8.7.0_Beta1,21.0
137-0009,St Thomas,2024-03-13 08_38_21,0.0027142381962881,34.518931806823126,1.4846538972642924,0.9827828316188356,rc8.7.0_Beta1,21.0
137-0009,St Thomas,2024-03-13 08_38_21,0.0027142381962881,34.518931806823126,1.4846538972642924,0.9827828316188356,rc8.7.0_Beta1,21.0
137-0013,CNS,2023-06-21 13_28_58,0.0026865889537776,33.70011042441483,1.4681657271919395,0.9801285411630112,rc8.6.0,
137-0013,CNS,2023-06-21 13_28_58,0.0026864428593992,33.70034659641087,1.4681550511273596,0.98012809376479,rc8.6.0,
137-0013,CNS,2024-04-08 08_53_08,0.0026375099833499,34.65142579828077,1.484972520626455,0.9823542806367228,rc8.7.0_Beta1,27.0
137-0013,CNS,2024-04-08 08_53_08,0.0026376419246849,34.65120854806797,1.4849568105881854,0.982355506760946,rc8.7.0_Beta1,27.0
137-0013,CNS,2024-04-09 08_08_56,0.00266409980707,34.33876537076367,1.4807087553663552,0.9820018132487668,rc8.7.0_Beta1,27.0
137-0013,CNS,2024-04-09 08_08_56,0.002664139414341,34.338700804521366,1.4806968535863911,0.9820021114559762,rc8.7.0_Beta1,27.0
137-0013,CNS,2024-04-10 08_10_30,0.002657835314691,34.0662375589002,1.477270971570677,0.981927627009083,rc8.7.0_Beta1,27.0
137-0013,CNS,2024-04-10 08_10_30,0.0026586419648559,34.06491967978704,1.4772580287975996,0.9819228286894838,rc8.7.0_Beta1,27.0
137-0021,,2023-09-02 12_21_57,0.0026946447038704,32.58045639327633,1.4543781587452866,0.9822122903377372,8.6.1,
137-0021,,2023-09-02 12_21_57,0.002694667666192,32.580419385180114,1.4543780060159766,0.9822119662199126,8.6.1,
137-0021,,2023-09-01 10_41_30,0.0027569654612353,33.22692175850554,1.462959390367935,0.9801724042895448,8.6.1,
137-0021,,2023-09-01 10_41_30,0.0027569029760678,33.227020190173924,1.4629419618428072,0.9801781133711224,8.6.1,
137-0003,Caliber,2023-09-27 16_46_42,0.0026264912909971,33.40683562758291,1.4620318879557044,0.9844703713904585,8.6.0,24.0
137-0003,Caliber,2023-09-27 16_46_42,0.0026264737524385,33.406864627963245,1.462035578257594,0.984468683397222,8.6.0,24.0
137-0003,Caliber,2023-09-28 18_05_38,0.0027641413112913,32.801293722063264,1.4544530214007088,0.9836897420940532,8.6.0,24.0
137-0003,Caliber,2023-09-28 18_05_38,0.0027640510610812,32.80143552309183,1.4544664084422123,0.9836890002232062,8.6.0,24.0
137-0003,Caliber,2023-10-03 16_28_34,0.0026951558781991,33.03967408359159,1.4572531017340329,0.9839499969239972,8.6.0,25.0
137-0003,Caliber,2023-10-03 16_28_34,0.0026951759907657,33.039641674541734,1.4572501367430954,0.9839511385915668,8.6.0,25.0
137-0003,Caliber,2023-10-04 16_15_10,0.0028830126603077,33.50518376356396,1.461046179822066,0.9830703303052798,8.6.0,24.0
137-0003,Caliber,2023-10-04 16_15_10,0.0028831631558587,33.50495706431144,1.4610485518049012,0.9830694878490196,8.6.0,24.0
137-0003,Caliber,2023-10-05 18_33_15,0.0026770233240693,33.25873928389867,1.4599580234786111,0.9840028757215364,8.6.0,22.0
137-0003,Caliber,2023-10-05 18_33_15,0.0026768008268638,33.259100256937415,1.4599458849255935,0.9840048601089608,8.6.0,22.0
137-0003,Caliber,2023-10-09 17_05_58,0.0026077451760222,33.27215828684093,1.4614497552207892,0.9846403927206802,8.6.0,24.0
137-0003,Caliber,2023-10-09 17_05_58,0.0026072594578422,33.27296727835976,1.461457685000478,0.98463870870787,8.6.0,24.0
137-0003,Caliber,2023-10-10 17_04_50,0.0027572170537383,32.96721439246234,1.4561413047420382,0.9838266056094914,8.6.0,24.0
137-0003,Caliber,2023-10-10 17_04_50,0.0027572170537383,32.96721439246234,1.4561413047420382,0.9838266056094914,8.6.0,24.0
137-0003,Caliber,2023-10-11 15_53_30,0.002619321240537,33.27777767125771,1.4610256638179726,0.984560272516183,8.6.0,24.0
137-0003,Caliber,2023-10-11 15_53_30,0.002619321240537,33.27777767125771,1.4610256638179726,0.984560272516183,8.6.0,24.0
137-0003,Caliber,2023-10-16 14_50_10,0.0027357304913032,33.6466759856158,1.463895969779856,0.983948331489102,8.6.0,22.0
137-0003,Caliber,2023-10-16 14_50_10,0.0027357304913032,33.6466759856158,1.463895969779856,0.983948331489102,8.6.0,22.0
137-0003,Caliber,2023-10-17 15_30_58,0.0031491582313566,32.73194133080779,1.448291972373792,0.9817948114845744,8.6.0,24.0
137-0003,Caliber,2023-10-17 15_30_58,0.0031491582313566,32.73194133080779,1.448291972373792,0.9817948114845744,8.6.0,24.0
137-0003,Caliber,2023-10-18 14_44_55,0.002692600720717,33.27238273996787,1.4599714085250186,0.9845557492545022,8.6.0,24.0
137-0003,Caliber,2023-10-18 14_44_55,0.002692600720717,33.27238273996787,1.4599714085250186,0.9845557492545022,8.6.0,24.0
137-0003,Caliber,2023-10-19 14_04_13,0.0027821206208795,33.27983250983381,1.4589120101460122,0.9839470016959562,8.6.0,24.0
137-0003,Caliber,2023-10-19 14_04_13,0.0027821206208795,33.27983250983381,1.4589120101460122,0.9839470016959562,8.6.0,24.0
137-0003,Caliber,2023-10-23 14_31_53,0.0027247547494106,33.29133774358111,1.4601381107336906,0.9839845751737116,8.6.0,24.0
137-0003,Caliber,2023-10-23 14_31_53,0.0027247547494106,33.29133774358111,1.4601381107336906,0.9839845751737116,8.6.0,24.0
137-0003,Caliber,2023-10-24 19_47_52,0.0026893833801362,32.99586889469532,1.456753558783501,0.9840620041131036,8.6.0,24.0
137-0003,Caliber,2023-10-24 19_47_52,0.0026893833801362,32.99586889469532,1.456753558783501,0.9840620041131036,8.6.0,24.0
137-0003,Caliber,2023-10-30 14_32_50,0.0028532346852022,33.64942187990591,1.4634961604695589,0.982588995612325,8.6.0,20.0
137-0003,Caliber,2023-10-30 14_32_50,0.0028532346852022,33.64942187990591,1.4634961604695589,0.982588995612325,8.6.0,20.0
137-0003,Caliber,2023-10-31 15_05_17,0.0027242606786675,33.895577848221954,1.4674016529758844,0.983711476018394,8.6.0,20.0
137-0003,Caliber,2023-10-31 15_05_17,0.0027242606786675,33.895577848221954,1.4674016529758844,0.983711476018394,8.6.0,20.0
137-0003,Caliber,2023-11-01 14_42_34,0.0026829740171263,33.95561012181992,1.468302966206236,0.98417827071833,8.6.0,20.0
137-0003,Caliber,2023-11-01 14_42_34,0.0026829740171263,33.95561012181992,1.468302966206236,0.98417827071833,8.6.0,20.0
137-0003,Caliber,2023-11-02 15_21_14,0.0026328050770957,33.91257130408766,1.4681366805136828,0.9846032904619356,8.6.0,22.0
137-0003,Caliber,2023-11-02 15_21_14,0.0026328050770957,33.91257130408766,1.4681366805136828,0.9846032904619356,8.6.0,22.0
137-0003,Caliber,2023-11-06 16_47_46,0.002658921274049,33.27274746584168,1.4610488680166749,0.9844916359790729,8.6.0,22.0
137-0003,Caliber,2023-11-06 16_47_46,0.002658921274049,33.27274746584168,1.4610488680166749,0.9844916359790729,8.6.0,22.0
137-0003,Caliber,2024-02-27 14_34_05,0.0026530110077225,33.15836295654849,1.4591885350250635,0.9844642841164812,8.6.1,27.0
137-0003,Caliber,2024-02-27 14_34_05,0.0026530110077225,33.15836295654849,1.4591885350250635,0.9844642841164812,8.6.1,27.0
137-0003,Caliber,2024-02-26 19_19_14,0.0026869853685171,33.246934238444375,1.46015179512185,0.9842344560625236,8.6.1,27.0
137-0003,Caliber,2024-02-26 19_19_14,0.0026869853685171,33.246934238444375,1.46015179512185,0.9842344560625236,8.6.1,27.0
137-0003,Caliber,2024-02-28 14_47_38,0.002858846013926,33.14123813390218,1.4567365499290097,0.9831621270995377,8.6.1,27.0
137-0003,Caliber,2024-02-28 14_47_38,0.002858846013926,33.14123813390218,1.4567365499290097,0.9831621270995377,8.6.1,27.0
137-0023,Baragwanatha,2023-09-13 10_58_02,0.0027966406622721,33.25894591143276,1.4615036262398748,0.9795132398628268,rc8.6.0,
137-0023,Baragwanatha,2023-09-13 10_58_02,0.0027969173046488,33.25851633062406,1.4615073661315308,0.9795107701941748,rc8.6.0,
137-0023,Baragwanatha,2024-03-20 15_46_16,0.0024589589108857,32.998837343706256,1.4620845245789544,0.9815834260580286,rc8.6.0,27.0
137-0023,Baragwanatha,2024-03-20 15_46_16,0.0024590036297103,32.99875836328048,1.4621061117991203,0.9815854085284496,rc8.6.0,27.0
137-0023,Baragwanatha,2024-03-21 10_32_19,0.00234109173125,33.52902755737891,1.4702054805301894,0.9824071976633182,rc8.6.0,27.0
137-0023,Baragwanatha,2024-03-21 10_32_19,0.002341555645385,33.528167038388965,1.4702043662347788,0.9824044406818933,rc8.6.0,27.0
137-0023,Baragwanatha,2024-03-19 15_27_41,0.0025365785669756,33.35974212557777,1.4659792551726765,0.9811718806963768,rc8.6.0,27.0
137-0023,Baragwanatha,2024-03-19 15_27_41,0.0025366800752021,33.359568334073145,1.4659629410262918,0.9811738773028592,rc8.6.0,27.0
137-0027,Bangladesh,2024-03-05 09_22_47,0.0042920170798239,30.48882427061904,1.4180195816853316,0.9677532647191422,8.6.1,
137-0027,Bangladesh,2024-03-05 09_22_47,0.0042920170798239,30.48882427061904,1.4180195816853316,0.9677532647191422,8.6.1,
137-0027,Bangladesh,2024-03-05 09_22_47,0.0042920170798239,30.48882427061904,1.4180195816853316,0.9677532647191422,8.6.1,
137-0027,Bangladesh,2024-03-04 09_53_13,0.0043168204291868,30.79152858754108,1.4223673893674451,0.969192126406404,8.6.1,
137-0027,Bangladesh,2024-03-04 09_53_13,0.0043168204291868,30.79152858754108,1.4223673893674451,0.969192126406404,8.6.1,
137-0027,Bangladesh,2024-03-04 09_53_13,0.0043168204291868,30.79152858754108,1.4223673893674451,0.969192126406404,8.6.1,
137-0027,Bangladesh,2024-03-06 13_25_26,0.0042468523521657,30.6303697037157,1.4205487675243194,0.9687767629735592,8.6.1,
137-0027,Bangladesh,2024-03-06 13_25_26,0.0042468523521657,30.6303697037157,1.4205487675243194,0.9687767629735592,8.6.1,
137-0027,Bangladesh,2024-03-06 13_25_26,0.0042468523521657,30.6303697037157,1.4205487675243194,0.9687767629735592,8.6.1,
137-0027,Bangladesh,2024-03-07 09_22_15,0.0043833856440847,30.28408780461557,1.4171961351458284,0.9679136598318948,8.6.1,
137-0027,Bangladesh,2024-03-07 09_22_15,0.0043833856440847,30.28408780461557,1.4171961351458284,0.9679136598318948,8.6.1,
137-0027,Bangladesh,2024-03-07 09_22_15,0.0043833856440847,30.28408780461557,1.4171961351458284,0.9679136598318948,8.6.1,
137-0027,Bangladesh,2024-03-11 09_29_01,0.004318960994378,30.4647129556268,1.4178189529264145,0.9681454139615124,8.6.1,
137-0027,Bangladesh,2024-03-11 09_29_01,0.004318960994378,30.4647129556268,1.4178189529264145,0.9681454139615124,8.6.1,
137-0027,Bangladesh,2024-03-11 09_29_01,0.004318960994378,30.4647129556268,1.4178189529264145,0.9681454139615124,8.6.1,
137-0027,Bangladesh,2024-03-13 10_10_45,0.0040270484226914,30.65515211910405,1.4223786977940096,0.9706841380282684,8.6.1,
137-0027,Bangladesh,2024-03-13 10_10_45,0.0040270484226914,30.65515211910405,1.4223786977940096,0.9706841380282684,8.6.1,
137-0027,Bangladesh,2024-03-13 10_10_45,0.0040270484226914,30.65515211910405,1.4223786977940096,0.9706841380282684,8.6.1,
137-0027,Bangladesh,2023-11-07 11_36_43,0.0062260851166193,29.084122370481925,1.3934064796511598,0.9547318770634616,8.6.1,25.0
137-0027,Bangladesh,2023-11-07 11_36_43,0.0062260851166193,29.084122370481925,1.3934064796511598,0.9547318770634616,8.6.1,25.0
137-0027,Bangladesh,2023-11-07 11_36_43,0.0062260851166193,29.084122370481925,1.3934064796511598,0.9547318770634616,8.6.1,25.0
137-0027,Bangladesh,2024-03-20 14_10_45,0.0045472894393994,30.557870882282696,1.417896603245446,0.967161558259838,8.6.1,
137-0027,Bangladesh,2024-03-20 14_10_45,0.0045472894393994,30.557870882282696,1.417896603245446,0.967161558259838,8.6.1,
137-0027,Bangladesh,2024-03-20 14_10_45,0.0045472894393994,30.557870882282696,1.417896603245446,0.967161558259838,8.6.1,
137-0027,Bangladesh,2024-03-21 13_30_21,0.0041892250515078,30.4095881039342,1.4189776133325966,0.9686754636414476,8.6.1,
137-0027,Bangladesh,2024-03-21 13_30_21,0.0041892250515078,30.4095881039342,1.4189776133325966,0.9686754636414476,8.6.1,
137-0027,Bangladesh,2024-03-21 13_30_21,0.0041892250515078,30.4095881039342,1.4189776133325966,0.9686754636414476,8.6.1,
137-0027,Bangladesh,2024-03-25 09_15_22,0.0040679979227698,30.631386885941737,1.4218313248607155,0.971593551163698,8.6.1,
137-0027,Bangladesh,2024-03-25 09_15_22,0.0040679979227698,30.631386885941737,1.4218313248607155,0.971593551163698,8.6.1,
137-0027,Bangladesh,2024-03-25 09_15_22,0.0040679979227698,30.631386885941737,1.4218313248607155,0.971593551163698,8.6.1,
137-0027,Bangladesh,2023-10-12 16_10_14,0.0054254196427561,29.45694875868548,1.402316820027049,0.9620032089866596,8.6.1,
137-0027,Bangladesh,2023-10-12 16_10_14,0.0054254196427561,29.45694875868548,1.402316820027049,0.9620032089866596,8.6.1,
137-0027,Bangladesh,2023-10-12 16_10_14,0.0054254196427561,29.45694875868548,1.402316820027049,0.9620032089866596,8.6.1,
137-0027,Bangladesh,2024-04-01 09_14_15,0.005218788476317,29.84283986159189,1.406456381484667,0.9613167491196856,8.6.1,
137-0027,Bangladesh,2024-04-01 09_14_15,0.005218788476317,29.84283986159189,1.406456381484667,0.9613167491196856,8.6.1,
137-0027,Bangladesh,2024-04-01 09_14_15,0.005218788476317,29.84283986159189,1.406456381484667,0.9613167491196856,8.6.1,
137-0027,Bangladesh,2024-04-03 09_04_47,0.0041692040366973,30.608611223301683,1.4206282241666734,0.9700172359964052,8.6.1,
137-0027,Bangladesh,2024-04-03 09_04_47,0.0041692040366973,30.608611223301683,1.4206282241666734,0.9700172359964052,8.6.1,
137-0027,Bangladesh,2024-04-03 09_04_47,0.0041692040366973,30.608611223301683,1.4206282241666734,0.9700172359964052,8.6.1,
137-0027,Bangladesh,2024-04-08 10_09_08,0.0043357298564802,29.85188073659604,1.411327169164478,0.9681423711340916,8.6.1,
137-0027,Bangladesh,2024-04-08 10_09_08,0.0043357298564802,29.85188073659604,1.411327169164478,0.9681423711340916,8.6.1,
137-0027,Bangladesh,2024-04-08 10_09_08,0.0043357298564802,29.85188073659604,1.411327169164478,0.9681423711340916,8.6.1,
137-0027,Bangladesh,2024-04-15 10_59_11,0.004410680348737,30.434850533552563,1.4166775859080285,0.9676245582281878,8.6.1,
137-0027,Bangladesh,2024-04-15 10_59_11,0.004410680348737,30.434850533552563,1.4166775859080285,0.9676245582281878,8.6.1,
137-0027,Bangladesh,2024-04-15 10_59_11,0.004410680348737,30.434850533552563,1.4166775859080285,0.9676245582281878,8.6.1,
137-0027,Bangladesh,2024-04-17 09_14_27,0.0046382437459168,30.303741812612508,1.4143788142069589,0.9654919461301632,8.6.1,
137-0027,Bangladesh,2024-04-17 09_14_27,0.0046382437459168,30.303741812612508,1.4143788142069589,0.9654919461301632,8.6.1,
137-0027,Bangladesh,2024-04-17 09_14_27,0.0046382437459168,30.303741812612508,1.4143788142069589,0.9654919461301632,8.6.1,
137-0027,Bangladesh,2024-04-22 09_13_47,0.0030074011558764,32.32015526323228,1.449649765607161,0.975147770169713,rc8.8.0_Beta1,
137-0027,Bangladesh,2024-04-22 09_13_47,0.0030074011558764,32.32015526323228,1.449649765607161,0.975147770169713,rc8.8.0_Beta1,
137-0027,Bangladesh,2024-04-22 09_13_47,0.0030074011558764,32.32015526323228,1.449649765607161,0.975147770169713,rc8.8.0_Beta1,
137-0027,Bangladesh,2024-05-09 10_26_05,0.0028814623492815,32.76094956900584,1.456270464623585,0.9740191868019296,rc8.8.0_Beta1,
137-0027,Bangladesh,2024-05-09 10_26_05,0.0028814623492815,32.76094956900584,1.456270464623585,0.9740191868019296,rc8.8.0_Beta1,
137-0027,Bangladesh,2024-05-09 10_26_05,0.0028814623492815,32.76094956900584,1.456270464623585,0.9740191868019296,rc8.8.0_Beta1,
137-0027,Bangladesh,2024-05-13 08_51_35,0.0029302297183595,32.66410385552176,1.4544555722451766,0.9757284341253658,rc8.8.0_Beta1,
137-0027,Bangladesh,2024-05-13 08_51_35,0.0029302297183595,32.66410385552176,1.4544555722451766,0.9757284341253658,rc8.8.0_Beta1,
137-0027,Bangladesh,2024-05-13 08_51_35,0.0029302297183595,32.66410385552176,1.4544555722451766,0.9757284341253658,rc8.8.0_Beta1,
137-0027,Bangladesh,2024-04-30 13_28_43,0.0030406685700384,32.58949667742477,1.4519877254514435,0.9743296503242098,rc8.8.0_Beta1,
137-0027,Bangladesh,2024-04-30 13_28_43,0.0030406685700384,32.58949667742477,1.4519877254514435,0.9743296503242098,rc8.8.0_Beta1,
137-0027,Bangladesh,2024-04-30 13_28_43,0.0030406685700384,32.58949667742477,1.4519877254514435,0.9743296503242098,rc8.8.0_Beta1,
137-0027,Bangladesh,2024-04-25 09_44_35,0.0028525447902757,33.04593315307012,1.4589107249580953,0.9752865520842824,rc8.8.0_Beta1,
137-0027,Bangladesh,2024-04-25 09_44_35,0.0028525447902757,33.04593315307012,1.4589107249580953,0.9752865520842824,rc8.8.0_Beta1,
137-0027,Bangladesh,2024-04-25 09_44_35,0.0028525447902757,33.04593315307012,1.4589107249580953,0.9752865520842824,rc8.8.0_Beta1,
137-0027,Bangladesh,2024-05-20 09_01_58,0.0027965536240903,33.31756541879379,1.4632510583245553,0.9767060960801236,rc8.8.0_Beta1,
137-0027,Bangladesh,2024-05-20 09_01_58,0.0027965536240903,33.31756541879379,1.4632510583245553,0.9767060960801236,rc8.8.0_Beta1,
137-0027,Bangladesh,2024-05-20 09_01_58,0.0027965536240903,33.31756541879379,1.4632510583245553,0.9767060960801236,rc8.8.0_Beta1,
137-0027,Bangladesh,2024-05-21 09_01_34,0.0025556179387683,33.897290532040415,1.473386672707368,0.979266413272275,rc8.8.0_Beta1,
137-0027,Bangladesh,2024-05-21 09_01_34,0.0025556179387683,33.897290532040415,1.473386672707368,0.979266413272275,rc8.8.0_Beta1,
137-0027,Bangladesh,2024-05-21 09_01_34,0.0025556179387683,33.897290532040415,1.473386672707368,0.979266413272275,rc8.8.0_Beta1,
137-0027,Bangladesh,2024-05-26 09_03_38,0.0031581895687603,33.03909423877508,1.4572140746715263,0.972192320571505,rc8.8.0_Beta1,
137-0027,Bangladesh,2024-05-26 09_03_38,0.0031581895687603,33.03909423877508,1.4572140746715263,0.972192320571505,rc8.8.0_Beta1,
137-0027,Bangladesh,2024-05-26 09_03_38,0.0031581895687603,33.03909423877508,1.4572140746715263,0.972192320571505,rc8.8.0_Beta1,
137-0027,Bangladesh,2024-05-28 08_50_44,0.0028285530014608,32.6137964963288,1.4547205092092033,0.9761896449515828,rc8.8.0_Beta1,
137-0027,Bangladesh,2024-05-28 08_50_44,0.0028285530014608,32.6137964963288,1.4547205092092033,0.9761896449515828,rc8.8.0_Beta1,
137-0027,Bangladesh,2024-05-28 08_50_44,0.0028285530014608,32.6137964963288,1.4547205092092033,0.9761896449515828,rc8.8.0_Beta1,
137-0027,Bangladesh,2024-05-29 09_09_04,0.0046273801663455,30.92873203168714,1.421286783631312,0.9641223137111262,rc8.8.0_Beta1,
137-0027,Bangladesh,2024-05-29 09_09_04,0.0046273801663455,30.92873203168714,1.421286783631312,0.9641223137111262,rc8.8.0_Beta1,
137-0027,Bangladesh,2024-05-29 09_09_04,0.0046273801663455,30.92873203168714,1.421286783631312,0.9641223137111262,rc8.8.0_Beta1,
137-0027,Bangladesh,2024-06-04 15_40_19,0.0028561457061395,32.92565407265493,1.4579664427223196,0.9770461584650468,rc8.8.0_Beta1,
137-0027,Bangladesh,2024-06-04 15_40_19,0.0028561457061395,32.92565407265493,1.4579664427223196,0.9770461584650468,rc8.8.0_Beta1,
137-0027,Bangladesh,2024-06-04 15_40_19,0.0028561457061395,32.92565407265493,1.4579664427223196,0.9770461584650468,rc8.8.0_Beta1,
137-0027,Bangladesh,2024-06-06 09_24_02,0.0026742894012095,33.692487259672006,1.4694659963687406,0.9784479881047998,rc8.8.0_Beta1,
137-0027,Bangladesh,2024-06-06 09_24_02,0.0026742894012095,33.692487259672006,1.4694659963687406,0.9784479881047998,rc8.8.0_Beta1,
137-0027,Bangladesh,2024-06-06 09_24_02,0.0026742894012095,33.692487259672006,1.4694659963687406,0.9784479881047998,rc8.8.0_Beta1,
137-0027,Bangladesh,2024-06-27 12_52_53,0.0030933205312201,32.80590530672404,1.4554825508459752,0.9753452643333688,rc8.8.0_Beta1,
137-0027,Bangladesh,2024-06-27 12_52_53,0.0030933205312201,32.80590530672404,1.4554825508459752,0.9753452643333688,rc8.8.0_Beta1,
137-0027,Bangladesh,2024-06-27 12_52_53,0.0030933205312201,32.80590530672404,1.4554825508459752,0.9753452643333688,rc8.8.0_Beta1,
137-0027,Bangladesh,2024-07-01 10_08_20,0.0030883501767167,32.337275262752094,1.448762213110585,0.973310463386378,rc8.8.0_Beta1,
137-0027,Bangladesh,2024-07-01 10_08_20,0.0030883501767167,32.337275262752094,1.448762213110585,0.973310463386378,rc8.8.0_Beta1,
137-0027,Bangladesh,2024-07-01 10_08_20,0.0030883501767167,32.337275262752094,1.448762213110585,0.973310463386378,rc8.8.0_Beta1,
137-0027,Bangladesh,2024-07-02 08_52_03,0.0026459973816964,33.7963264699917,1.47103319667584,0.9782730835847327,rc8.8.0_Beta1,
137-0027,Bangladesh,2024-07-02 08_52_03,0.0026459973816964,33.7963264699917,1.47103319667584,0.9782730835847327,rc8.8.0_Beta1,
137-0027,Bangladesh,2024-07-02 08_52_03,0.0026459973816964,33.7963264699917,1.47103319667584,0.9782730835847327,rc8.8.0_Beta1,
137-0027,Bangladesh,2024-07-03 08_49_46,0.0027760865297289,33.34863994563234,1.4638115795576334,0.977199379358136,rc8.8.0_Beta1,
137-0027,Bangladesh,2024-07-03 08_49_46,0.0027760865297289,33.34863994563234,1.4638115795576334,0.977199379358136,rc8.8.0_Beta1,
137-0027,Bangladesh,2024-07-03 08_49_46,0.0027760865297289,33.34863994563234,1.4638115795576334,0.977199379358136,rc8.8.0_Beta1,
137-0027,Bangladesh,2024-07-09 12_58_21,0.0029274316882558,32.666636767545526,1.4545819220336296,0.9758620890547588,rc8.8.0_Beta1,
137-0027,Bangladesh,2024-07-09 12_58_21,0.0029274316882558,32.666636767545526,1.4545819220336296,0.9758620890547588,rc8.8.0_Beta1,
137-0027,Bangladesh,2024-07-09 12_58_21,0.0029274316882558,32.666636767545526,1.4545819220336296,0.9758620890547588,rc8.8.0_Beta1,
137-0027,Bangladesh,2024-07-10 08_45_08,0.0029268547672274,33.15237288756245,1.4596509777830096,0.9760090814879836,rc8.8.0_Beta1,
137-0027,Bangladesh,2024-07-10 08_45_08,0.0029268547672274,33.15237288756245,1.4596509777830096,0.9760090814879836,rc8.8.0_Beta1,
137-0027,Bangladesh,2024-07-10 08_45_08,0.0029268547672274,33.15237288756245,1.4596509777830096,0.9760090814879836,rc8.8.0_Beta1,
137-0027,Bangladesh,2024-07-16 08_50_18,0.0029073972175943,33.16626646669279,1.460299641165096,0.9756536379020304,rc8.8.0_Beta1,
137-0027,Bangladesh,2024-07-16 08_50_18,0.0029073972175943,33.16626646669279,1.460299641165096,0.9756536379020304,rc8.8.0_Beta1,
137-0027,Bangladesh,2024-07-16 08_50_18,0.0029073972175943,33.16626646669279,1.460299641165096,0.9756536379020304,rc8.8.0_Beta1,
137-0027,Bangladesh,2024-07-28 10_22_12,0.0031271237666541,32.263597096785965,1.4476986231938735,0.97356819193884,rc8.8.0_Beta1,
137-0027,Bangladesh,2024-07-28 10_22_12,0.0031271237666541,32.263597096785965,1.4476986231938735,0.97356819193884,rc8.8.0_Beta1,
137-0027,Bangladesh,2024-07-28 10_22_12,0.0031271237666541,32.263597096785965,1.4476986231938735,0.97356819193884,rc8.8.0_Beta1,
137-0027,Bangladesh,2024-07-30 09_03_31,0.0031012326045516,32.45707716665446,1.4488883707853135,0.9740860345974376,rc8.8.0_Beta1,
137-0027,Bangladesh,2024-07-30 09_03_31,0.0031012326045516,32.45707716665446,1.4488883707853135,0.9740860345974376,rc8.8.0_Beta1,
137-0027,Bangladesh,2024-07-30 09_03_31,0.0031012326045516,32.45707716665446,1.4488883707853135,0.9740860345974376,rc8.8.0_Beta1,
137-0027,Bangladesh,2024-07-31 09_19_03,0.003165029150233,32.19890784886179,1.4469829402367016,0.9753231048228276,rc8.8.0_Beta1,
137-0027,Bangladesh,2024-07-31 09_19_03,0.003165029150233,32.19890784886179,1.4469829402367016,0.9753231048228276,rc8.8.0_Beta1,
137-0027,Bangladesh,2024-07-31 09_19_03,0.003165029150233,32.19890784886179,1.4469829402367016,0.9753231048228276,rc8.8.0_Beta1,
137-0027,Bangladesh,2024-08-07 08_46_09,0.0025975487472375,34.096123903526745,1.47510519478432,0.9790857962104758,rc8.8.0_Beta1,
137-0027,Bangladesh,2024-08-07 08_46_09,0.0025975487472375,34.096123903526745,1.47510519478432,0.9790857962104758,rc8.8.0_Beta1,
137-0027,Bangladesh,2024-08-07 08_46_09,0.0025975487472375,34.096123903526745,1.47510519478432,0.9790857962104758,rc8.8.0_Beta1,
137-0027,Bangladesh,2024-08-08 08_47_51,0.0030721171858756,32.790039040306894,1.4550602098142202,0.9751487636314704,rc8.8.0_Beta1,
137-0027,Bangladesh,2024-08-08 08_47_51,0.0030721171858756,32.790039040306894,1.4550602098142202,0.9751487636314704,rc8.8.0_Beta1,
137-0027,Bangladesh,2024-08-08 08_47_51,0.0030721171858756,32.790039040306894,1.4550602098142202,0.9751487636314704,rc8.8.0_Beta1,
137-0027,Bangladesh,2024-08-12 08_45_56,0.0027314060759136,33.65725830415403,1.467745060173601,0.9777409517239374,rc8.8.0_Beta1,
137-0027,Bangladesh,2024-08-12 08_45_56,0.0027314060759136,33.65725830415403,1.467745060173601,0.9777409517239374,rc8.8.0_Beta1,
137-0027,Bangladesh,2024-08-12 08_45_56,0.0027314060759136,33.65725830415403,1.467745060173601,0.9777409517239374,rc8.8.0_Beta1,
137-0027,Bangladesh,2024-08-01 09_14_00,0.0026948008706385,33.550760350500106,1.4663835311753894,0.97754897449447,rc8.8.0_Beta1,
137-0027,Bangladesh,2024-08-01 09_14_00,0.0026948008706385,33.550760350500106,1.4663835311753894,0.97754897449447,rc8.8.0_Beta1,
137-0027,Bangladesh,2024-08-01 09_14_00,0.0026948008706385,33.550760350500106,1.4663835311753894,0.97754897449447,rc8.8.0_Beta1,
137-0027,Bangladesh,2024-08-13 08_44_46,0.0028589714731038,33.406208032760674,1.4665794157206644,0.977583238618594,rc8.8.0_Beta1,
137-0027,Bangladesh,2024-08-13 08_44_46,0.0028589714731038,33.406208032760674,1.4665794157206644,0.977583238618594,rc8.8.0_Beta1,
137-0027,Bangladesh,2024-08-13 08_44_46,0.0028589714731038,33.406208032760674,1.4665794157206644,0.977583238618594,rc8.8.0_Beta1,
137-0027,Bangladesh,2024-08-15 09_26_34,0.0028352790712707,33.634719377210075,1.4663865843097583,0.9766678206280136,rc8.8.0_Beta1,
137-0027,Bangladesh,2024-08-15 09_26_34,0.0028352790712707,33.634719377210075,1.4663865843097583,0.9766678206280136,rc8.8.0_Beta1,
137-0027,Bangladesh,2024-08-15 09_26_34,0.0028352790712707,33.634719377210075,1.4663865843097583,0.9766678206280136,rc8.8.0_Beta1,
137-0027,Bangladesh,2024-08-19 08_57_54,0.0029661353740848,33.56331259894471,1.4640502814364071,0.9747995439701336,rc8.8.0_Beta1,
137-0027,Bangladesh,2024-08-19 08_57_54,0.0029661353740848,33.56331259894471,1.4640502814364071,0.9747995439701336,rc8.8.0_Beta1,
137-0027,Bangladesh,2024-08-19 08_57_54,0.0029661353740848,33.56331259894471,1.4640502814364071,0.9747995439701336,rc8.8.0_Beta1,
137-0027,Bangladesh,2024-08-27 09_08_51,0.0028994322484392,33.66857454162845,1.467137503803532,0.9757378568070978,rc8.8.0_Beta1,
137-0027,Bangladesh,2024-08-27 09_08_51,0.0028994322484392,33.66857454162845,1.467137503803532,0.9757378568070978,rc8.8.0_Beta1,
137-0027,Bangladesh,2024-08-27 09_08_51,0.0028994322484392,33.66857454162845,1.467137503803532,0.9757378568070978,rc8.8.0_Beta1,
137-0030,Lusaka,2024-02-12 15_54_47,0.0032861897896003,32.48911039279755,1.4472691596248226,0.976163398832816,8.7.0,
137-0030,Lusaka,2024-02-12 15_54_47,0.0032861467879861,32.48916722300872,1.4472762085034068,0.97616542976175,8.7.0,
137-0030,Lusaka,2024-02-13 14_46_30,0.0024270204710318,33.39128859762583,1.4667503556289907,0.9846798837894788,8.7.0,
137-0030,Lusaka,2024-02-13 14_46_30,0.0024271066331631,33.391134420624056,1.46673744371958,0.9846801088132048,8.7.0,
137-0030,Lusaka,2024-02-14 14_51_36,0.0024722362946022,33.72157126335193,1.4697105366999834,0.9850669777809778,8.7.0,
137-0030,Lusaka,2024-02-14 14_51_36,0.0024722166658621,33.72160574503723,1.4697135206837502,0.985066867378712,8.7.0,
137-0030,Lusaka,2024-02-15 09_48_28,0.0024216246941959,33.35213133221271,1.4666691998508463,0.9847213372814512,8.7.0,
137-0030,Lusaka,2024-02-15 09_48_28,0.0024217936632762,33.35182831341974,1.4666627854079937,0.9847212107441936,8.7.0,
137-0030,Lusaka,2024-02-16 08_59_54,0.0026899070082829,33.09758170885887,1.4609355129237802,0.9836168500932504,8.7.0,
137-0030,Lusaka,2024-02-16 08_59_54,0.002690154784728,33.097181683925726,1.4609198232986278,0.9836176708863036,8.7.0,
137-0030,Lusaka,2024-06-24 09_34_41,0.0027085511999425,34.30291555047064,1.480028897019534,0.9845000575274973,8.7.0,24.0
137-0012,Cubic,2023-09-15 09_57_51,0.0024776492476586,35.1589471589742,1.488729071946262,0.9820642772938192,8.6.1,18.0
137-0012,Cubic,2023-09-15 09_57_51,0.0024774471007328,35.15930150645109,1.4887345527698574,0.982063900488942,8.6.1,18.0
137-0012,Cubic,2023-11-10 11_01_15,0.0025573602146824,34.16994474714442,1.4765524624413793,0.9812083188167238,8.6.1,
137-0012,Cubic,2023-11-10 11_01_15,0.0025575419532414,34.16963612715227,1.4765848187427466,0.981205259145818,8.6.1,
137-0012,Cubic,2023-12-07 10_05_37,0.0031866198317119,32.4107830082246,1.4506196077324156,0.9769113075493278,8.6.1,
137-0012,Cubic,2023-12-07 10_05_37,0.0031866646507721,32.41072192615442,1.4506347886867432,0.9769093577993868,8.6.1,
137-0012,Cubic,2023-10-19 08_28_34,0.0024004004424195,34.07945074182263,1.4778851115773826,0.9833435575715312,8.6.1,
137-0012,Cubic,2023-10-19 08_28_34,0.0024005131061531,34.07924690879248,1.4778758314858171,0.9833421048629544,8.6.1,
137-0012,Cubic,2023-11-02 07_25_26,0.002523344391804,34.23020929620601,1.4788122385467553,0.9818627081278848,8.6.1,
137-0012,Cubic,2023-11-02 07_25_26,0.002523431522689,34.23005933724915,1.4788130488476996,0.9818620610073292,8.6.1,
137-0012,Cubic,2023-12-13 08_28_36,0.0028875740287815,33.760997512833136,1.4700486536303312,0.9795315953126198,8.6.1,
137-0012,Cubic,2023-12-13 08_28_36,0.0028874275971968,33.76121775321868,1.47005240556348,0.9795308796794868,8.6.1,
137-0012,Cubic,2024-02-08 10_51_04,0.0025759168924698,33.976139202475125,1.474412391124376,0.98093617746115,8.6.1,
137-0012,Cubic,2024-02-08 10_51_04,0.0025756951219397,33.97651311928896,1.4744061413891778,0.9809356335426386,8.6.1,
137-0012,Cubic,2024-02-06 10_13_12,0.0031881320154339,33.454028160715474,1.4635751947771318,0.9772161377011022,8.6.1,
137-0012,Cubic,2024-02-06 10_13_12,0.0031881320154339,33.454028160715474,1.4635751947771318,0.9772161377011022,8.6.1,
137-0012,Cubic,2023-10-12 09_08_32,0.0025326569683224,34.259085435363666,1.4790607433779788,0.9817049452149528,8.6.1,
137-0012,Cubic,2023-10-12 09_08_32,0.0025326569683224,34.259085435363666,1.4790607433779788,0.9817049452149528,8.6.1,
137-0012,Cubic,2023-12-21 07_17_44,0.0026964066801907,34.40679546439996,1.478812701390002,0.9797352095782264,8.6.1,
137-0012,Cubic,2023-12-21 07_17_44,0.0026964066801907,34.40679546439996,1.478812701390002,0.9797352095782264,8.6.1,
137-0012,Cubic,2024-04-03 09_31_42,0.0023401480205732,35.031205317686506,1.4902970258484185,0.983650214729566,rc8.8.0_Beta1,
137-0012,Cubic,2024-04-03 09_31_42,0.0023401480205732,35.031205317686506,1.4902970258484185,0.983650214729566,rc8.8.0_Beta1,
137-0012,Cubic,2024-04-04 08_21_36,0.0022330299626844,35.056643626038074,1.49191413725113,0.9851640210197437,rc8.8.0_Beta1,
137-0012,Cubic,2024-04-04 08_21_36,0.0022330299626844,35.056643626038074,1.49191413725113,0.9851640210197437,rc8.8.0_Beta1,
137-0012,Cubic,2024-04-05 09_14_22,0.0021380758293165,35.75955800373513,1.5022369899270058,0.9859779705966468,rc8.8.0_Beta1,
137-0012,Cubic,2024-04-05 09_14_22,0.0021380758293165,35.75955800373513,1.5022369899270058,0.9859779705966468,rc8.8.0_Beta1,
137-0007,Cardiff,2023-11-07 10_15_00,0.0024133094715497,35.08388694614699,1.4928454114422718,0.9846419253155818,rc8.7.0_Beta1,0.0
137-0014,Kalafong,2023-09-13 10_51_52,0.0025038753942683,33.991760515892494,1.47306269697853,0.9828805811598568,rc8.6.0,
137-0014,Kalafong,2023-09-13 10_51_52,0.0025034340442936,33.99252610013065,1.4730693936991364,0.9828817630364394,rc8.6.0,
137-0014,Kalafong,2023-09-26 10_13_00,0.0024899507930854,33.55998220744779,1.4677584262323926,0.9823010011479506,rc8.6.0,
137-0014,Kalafong,2023-09-26 10_13_00,0.0024904443861238,33.559121373213195,1.4677451630913447,0.9822979679880324,rc8.6.0,
137-0014,Kalafong,2023-10-03 10_35_30,0.0025001325240766,33.79641477403658,1.470404169961908,0.9830995835191124,rc8.6.0,
137-0014,Kalafong,2023-10-03 10_35_30,0.0025009168146395,33.79505260764536,1.4703787654103766,0.9830970057875592,rc8.6.0,
137-0014,Kalafong,2024-03-06 08_51_39,0.0024130792968679,33.74787687326591,1.4706868457065825,0.983176562935,rc8.6.0,27.0
137-0014,Kalafong,2024-03-06 08_51_39,0.0024128415205748,33.748304832762145,1.4707306179603965,0.9831778472027916,rc8.6.0,27.0
137-0014,Kalafong,2024-03-05 10_12_03,0.0024992562109324,33.69656733683748,1.469024535134849,0.9829244338011104,rc8.6.0,27.0
137-0014,Kalafong,2024-03-05 10_12_03,0.002499329433015,33.696440101060475,1.4690285430907783,0.9829239465156738,rc8.6.0,27.0
137-0014,Kalafong,2024-03-04 15_25_21,0.0024953470659963,34.03537631336575,1.473834020574863,0.9831573443963804,rc8.6.0,27.0
137-0014,Kalafong,2024-03-04 15_25_21,0.0024956490720641,34.03485072863168,1.4738358234926034,0.9831586213497048,rc8.6.0,27.0
137-007,,2024-08-21 09_12_07,0.0030996510662958,33.32749862470601,1.4615778032306983,0.9740963063602428,rc8.8.0_Beta1,27.0
137-0029,AKU_field,2024-02-09 10_24_54,0.002708484853198,33.628232572296135,1.470777576382584,0.9830362297043412,rc8.7.0_Beta1,
137-0029,AKU_field,2024-02-12 10_48_20,0.0025985263706557,33.67996499289277,1.4727135073891664,0.9832913856754016,rc8.7.0_Beta1,
137-0029,AKU_field,2024-02-13 10_12_06,0.0025323334063922,33.39911669835723,1.4683085341295783,0.9836069422815354,rc8.7.0_Beta1,
137-0029,AKU_field,2024-02-14 10_17_45,0.002792236508259,33.20729101728166,1.465344319178944,0.9824535070641756,rc8.7.0_Beta1,
137-0029,AKU_field,2024-02-15 10_14_06,0.0025719274260184,33.827161975490164,1.4715322606697785,0.9840045977649516,8.7.0,
137-0029,AKU_field,2024-02-16 10_14_41,0.0025665867370741,34.247566525340375,1.4765487077077113,0.9842466797817224,8.7.0,
137-0029,AKU_field,2024-02-19 10_15_08,0.0026802873668996,33.52456503415646,1.4669392431215258,0.983392320954702,8.7.0,
137-0029,AKU_field,2024-02-20 10_25_11,0.0026903262834143,33.48275053456315,1.4666091581853535,0.983234042005926,8.7.0,
137-0029,AKU_field,2024-02-21 10_11_05,0.0027718548235098,33.25174511605473,1.4632324896398723,0.9826930113027632,8.7.0,
137-0029,AKU_field,2024-02-22 10_08_50,0.0025077751179998,33.52144992435146,1.4681936147729036,0.984415545715662,8.7.0,
137-0029,AKU_field,2024-02-23 13_43_05,0.0025664279680514,33.343333830370455,1.4660830770685565,0.9838951669780338,8.7.0,
137-0029,AKU_field,2024-02-24 12_12_23,0.002683194065375,33.45745864615839,1.4659342380710236,0.983856458411016,8.7.0,
137-0029,AKU_field,2024-02-29 10_25_06,0.0027634038424479,34.13998002150045,1.4730061477953178,0.9828674184948104,8.7.0,
137-0029,AKU_field,2024-03-11 10_25_55,0.0026521358428084,33.84906012037328,1.4706448109905774,0.9834924310778758,8.7.0,
137-0029,AKU_field,2024-03-12 10_44_39,0.0025292180214518,33.83020870483071,1.471563584302903,0.9841416801862436,8.7.0,
137-0029,AKU_field,2024-03-13 10_39_39,0.0025916072299338,33.353977475244534,1.4660102489024744,0.983489577233984,8.7.0,
137-0029,AKU_field,2024-03-14 10_39_05,0.0026778098599877,33.580778408052986,1.4678835969203496,0.9830772794221836,8.7.0,24.0
137-0029,AKU_field,2024-03-15 10_41_54,0.0025633628976315,33.59153789835294,1.4690969672359735,0.983980934585902,8.7.0,28.0
137-0029,AKU_field,2024-03-18 11_02_47,0.0026777930961549,32.93848335028736,1.4594928475284272,0.9826168504244286,8.7.0,
137-0029,AKU_field,2024-03-20 10_37_47,0.0025451059466986,33.54539356504892,1.467446691370695,0.9838141216410844,8.7.0,31.0
137-0029,AKU_field,2024-03-21 11_11_45,0.0027787609030988,32.5172435442842,1.454717783932464,0.9819141850947922,8.7.0,
137-0029,AKU_field,2024-03-22 10_32_34,0.0025876937522721,33.42415338662823,1.4661621385260644,0.9834186912351855,8.7.0,
137-0029,AKU_field,2024-03-26 10_29_18,0.0027131638382843,32.795906985542274,1.458795841677557,0.9820500928253648,8.7.0,32.0
137-0029,AKU_field,2024-03-28 11_50_23,0.0026612535940206,32.99097100445447,1.4614118870093622,0.9823230838897724,8.7.0,32.0
137-0029,AKU_field,2024-04-01 10_18_25,0.0026047796358848,33.17172764906778,1.4627185981879511,0.9831637769864916,8.7.0,30.0
137-0029,AKU_field,2024-04-05 10_31_41,0.0024307412461323,34.92253802493771,1.4866850119607748,0.9847688373107792,8.7.0,
137-0029,AKU_field,2024-04-15 10_17_49,0.002583110698957,33.13089243445611,1.4629843542390577,0.9835868588537362,8.7.0,32.0
137-0029,AKU_field,2024-04-18 10_17_07,0.0025791432718119,32.65873007323735,1.4572765534664085,0.9833577623810268,8.7.0,
137-0029,AKU_field,2024-04-19 10_16_32,0.0026391107294968,33.19241924749449,1.4626674971904314,0.983229299888056,8.7.0,
137-0029,AKU_field,2024-04-22 10_52_48,0.0025069050019189,32.998447163285306,1.4613064057693592,0.9840366970627922,8.7.0,
137-0029,AKU_field,2024-04-24 10_23_13,0.0025719778941242,33.149548515064204,1.4627560689939338,0.9832388728587854,8.7.0,32.0
137-0029,AKU_field,2024-04-29 10_50_23,0.0027049114349324,32.29848610390113,1.4515754493617534,0.9828192722824024,8.7.0,32.0
137-0033,Kisumu,2024-07-03 09_41_41,0.0685588929614056,20.187470500923155,1.3342891279427886,0.8456496894190467,8.7.0,27.0
137-0033,Kisumu,2024-07-08 12_26_39,0.0800232904411798,18.653755287256114,1.2941808276073186,0.7885936479741886,8.7.0,27.0
137-0033,Kisumu,2024-07-24 10_55_53,0.0853621239128702,17.790073406497978,1.2663189687563914,0.7640858806011116,8.7.0,25.0
137-0033,Kisumu,2024-07-31 11_57_32,0.0075865353254559,29.01405782461,1.395368507647425,0.9461674083347268,8.7.0,27.0
137-0033,Kisumu,2024-08-12 10_35_15,0.0477995910382819,20.94746932071866,1.3176097132043938,0.8090857103700843,8.7.0,27.0
137-0033,Kisumu,2024-08-13 10_31_17,0.0143669224418185,26.57003969316625,1.3921401751959348,0.9252337584968644,8.7.0,27.0
137-0010,Leiden,2024-03-04 09_24_35,0.0025783377301056,34.30577975429611,1.4820436333347882,0.9832892623083376,rc8.7.0_Beta1,27.0
137-0010,Leiden,2024-03-04 09_24_35,0.0025787254826969,34.30512667402884,1.4820181100673286,0.9832868412674438,rc8.7.0_Beta1,27.0
137-0010,Leiden,2024-03-05 09_18_10,0.0027568443503744,33.826274417042896,1.473772130058007,0.9822940385524118,rc8.7.0_Beta1,27.0
137-0010,Leiden,2024-03-05 09_18_10,0.0027571025677208,33.825867658071786,1.4737590256559887,0.982292029066056,rc8.7.0_Beta1,27.0
137-0010,Leiden,2024-03-07 09_19_45,0.0025315852042439,34.2001969555274,1.4801181900648797,0.9832248257552656,rc8.7.0_Beta1,27.0
137-0010,Leiden,2024-03-07 09_19_45,0.0025316861147821,34.2000238465345,1.480098725804615,0.9832248200165266,rc8.7.0_Beta1,27.0
137-0020,Kintampo,2024-03-21 11_10_58,0.002653755498198,34.34144567285008,1.4773440039398085,0.9841151163018588,8.7.0,20.0
137-0020,Kintampo,2024-03-21 11_10_58,0.002653755498198,34.34144567285008,1.4773440039398085,0.9841151163018588,8.7.0,20.0
137-0020,Kintampo,2024-03-21 11_10_58,0.0026534340818744,34.34197171147673,1.4773513455878071,0.9841150267386364,8.7.0,20.0
137-0020,Kintampo,2024-03-25 16_04_54,0.002897234100158,33.69147739311694,1.4671986052270805,0.9823139449085756,8.7.0,22.0
137-0020,Kintampo,2024-03-25 16_04_54,0.002897234100158,33.69147739311694,1.4671986052270805,0.9823139449085756,8.7.0,22.0
137-0020,Kintampo,2024-03-25 16_04_54,0.0028971588033906,33.691590264201665,1.467201565808408,0.9823143791741242,8.7.0,22.0
137-0020,Kintampo,2024-03-22 12_15_26,0.0038131614692823,33.655031680502816,1.4600768512869584,0.9726921780504316,8.7.0,24.0
137-0020,Kintampo,2024-03-22 12_15_26,0.0038131614692823,33.655031680502816,1.4600768512869584,0.9726921780504316,8.7.0,24.0
137-0020,Kintampo,2024-03-22 12_15_26,0.0038129500422987,33.65527248886811,1.4600916406219615,0.9726948805394742,8.7.0,24.0
137-0020,Kintampo,2024-03-26 15_06_50,0.0028343439178995,33.72823374002144,1.468517085352896,0.9830842153529918,8.7.0,22.0
137-0020,Kintampo,2024-03-26 15_06_50,0.0028343439178995,33.72823374002144,1.468517085352896,0.9830842153529918,8.7.0,22.0
137-0020,Kintampo,2024-03-26 15_06_50,0.0028343275424817,33.728258831451214,1.468523732732464,0.9830830032031556,8.7.0,22.0
137-0020,Kintampo,2024-03-27 09_36_28,0.0028758385248002,33.657537389430416,1.4676109571778584,0.9829170270445248,8.7.0,24.0
137-0020,Kintampo,2024-03-27 09_36_28,0.0028758385248002,33.657537389430416,1.4676109571778584,0.9829170270445248,8.7.0,24.0
137-0020,Kintampo,2024-03-27 09_36_28,0.0028759085843078,33.657431590420245,1.4676037191100682,0.9829177365644431,8.7.0,24.0
137-0020,Kintampo,2024-03-28 10_05_59,0.0027808037296444,33.26935684713288,1.4636596158184405,0.9833862488813646,8.7.0,24.0
137-0020,Kintampo,2024-03-28 10_05_59,0.0027808037296444,33.26935684713288,1.4636596158184405,0.9833862488813646,8.7.0,24.0
137-0020,Kintampo,2024-03-28 10_05_59,0.0027808538424983,33.26927858364529,1.4636760466204888,0.9833855298062768,8.7.0,24.0
137-0020,Kintampo,2024-04-02 11_56_56,0.0025696322075054,33.735240483790434,1.4707300776165473,0.9842360751936188,8.7.0,26.0
137-0020,Kintampo,2024-04-02 11_56_56,0.0025696322075054,33.735240483790434,1.4707300776165473,0.9842360751936188,8.7.0,26.0
137-0020,Kintampo,2024-04-02 11_56_56,0.0025696322075054,33.735240483790434,1.4707300776165473,0.9842360751936188,8.7.0,26.0
137-0020,Kintampo,2024-03-20 16_11_28,0.0028624053997859,33.61194423903265,1.466475588782309,0.9825869977004632,8.7.0,22.0
137-0020,Kintampo,2024-03-20 16_11_28,0.0028624053997859,33.61194423903265,1.466475588782309,0.9825869977004632,8.7.0,22.0
137-0020,Kintampo,2024-03-20 16_11_28,0.0028624053997859,33.61194423903265,1.466475588782309,0.9825869977004632,8.7.0,22.0
137-0020,Kintampo,2024-04-03 14_43_47,0.0026668078876411,33.63861323263497,1.4696357494849686,0.9836144446575876,8.7.0,24.0
137-0020,Kintampo,2024-04-03 14_43_47,0.0026668078876411,33.63861323263497,1.4696357494849686,0.9836144446575876,8.7.0,24.0
137-0020,Kintampo,2024-04-03 14_43_47,0.0026668078876411,33.63861323263497,1.4696357494849686,0.9836144446575876,8.7.0,24.0
137-0020,Kintampo,2024-04-09 11_04_36,0.00246597814339,33.55989679168125,1.4698529966995897,0.9847947962323806,8.7.0,28.0
137-0020,Kintampo,2024-04-09 11_04_36,0.00246597814339,33.55989679168125,1.4698529966995897,0.9847947962323806,8.7.0,28.0
137-0020,Kintampo,2024-04-09 11_04_36,0.00246597814339,33.55989679168125,1.4698529966995897,0.9847947962323806,8.7.0,28.0
137-0020,Kintampo,2024-04-10 08_59_59,0.0025808518085942,33.34975748226704,1.466107036338775,0.9842474076374024,8.7.0,26.0
137-0020,Kintampo,2024-04-10 08_59_59,0.0025808518085942,33.34975748226704,1.466107036338775,0.9842474076374024,8.7.0,26.0
137-0020,Kintampo,2024-04-10 08_59_59,0.0025808518085942,33.34975748226704,1.466107036338775,0.9842474076374024,8.7.0,26.0
137-0020,Kintampo,2024-04-12 10_50_43,0.0028220306638578,33.608393636938025,1.4674077840844892,0.9826834983242296,8.7.0,22.0
137-0020,Kintampo,2024-04-12 10_50_43,0.0028220306638578,33.608393636938025,1.4674077840844892,0.9826834983242296,8.7.0,22.0
137-0020,Kintampo,2024-04-12 10_50_43,0.0028220306638578,33.608393636938025,1.4674077840844892,0.9826834983242296,8.7.0,22.0
137-0020,Kintampo,2024-04-16 15_26_38,0.0028516606559789,33.76690540363456,1.4684517869232985,0.9831782796319308,8.7.0,22.0
137-0020,Kintampo,2024-04-16 15_26_38,0.0028516606559789,33.76690540363456,1.4684517869232985,0.9831782796319308,8.7.0,22.0
137-0020,Kintampo,2024-04-16 15_26_38,0.0028516606559789,33.76690540363456,1.4684517869232985,0.9831782796319308,8.7.0,22.0
137-0020,Kintampo,2024-04-17 15_30_58,0.0027758452488934,34.16884545438451,1.4735118901562294,0.9833869423760132,8.7.0,20.0
137-0020,Kintampo,2024-04-17 15_30_58,0.0027758452488934,34.16884545438451,1.4735118901562294,0.9833869423760132,8.7.0,20.0
137-0020,Kintampo,2024-04-17 15_30_58,0.0027758452488934,34.16884545438451,1.4735118901562294,0.9833869423760132,8.7.0,20.0
137-0020,Kintampo,2024-04-18 14_47_39,0.0026914333794677,34.01362628476656,1.4733839814308598,0.98382907780983,8.7.0,22.0
137-0020,Kintampo,2024-04-18 14_47_39,0.0026914333794677,34.01362628476656,1.4733839814308598,0.98382907780983,8.7.0,22.0
137-0020,Kintampo,2024-04-18 14_47_39,0.0026914333794677,34.01362628476656,1.4733839814308598,0.98382907780983,8.7.0,22.0
137-0020,Kintampo,2024-04-19 16_10_29,0.0027067138320742,34.86961628722047,1.4827539467032025,0.9840827478220432,8.7.0,21.0
137-0020,Kintampo,2024-04-19 16_10_29,0.0027067138320742,34.86961628722047,1.4827539467032025,0.9840827478220432,8.7.0,21.0
137-0020,Kintampo,2024-04-19 16_10_29,0.0027067138320742,34.86961628722047,1.4827539467032025,0.9840827478220432,8.7.0,21.0
137-0020,Kintampo,2024-04-22 11_05_48,0.002827499256046,33.72866894920116,1.4687997481976365,0.982496542267716,8.7.0,26.0
137-0020,Kintampo,2024-04-22 11_05_48,0.002827499256046,33.72866894920116,1.4687997481976365,0.982496542267716,8.7.0,26.0
137-0020,Kintampo,2024-04-22 11_05_48,0.002827499256046,33.72866894920116,1.4687997481976365,0.982496542267716,8.7.0,26.0
137-0020,Kintampo,2024-04-29 14_28_53,0.0028272515150524,33.804826027453664,1.4700398239043508,0.98218439932768,8.7.0,
137-0020,Kintampo,2024-04-29 14_28_53,0.0028272515150524,33.804826027453664,1.4700398239043508,0.98218439932768,8.7.0,
137-0020,Kintampo,2024-04-29 14_28_53,0.0028272515150524,33.804826027453664,1.4700398239043508,0.98218439932768,8.7.0,
137-0020,Kintampo,2024-05-14 12_41_44,0.0027825450548463,34.20571416566152,1.4753600274185512,0.983242026993428,8.7.0,22.0
137-0020,Kintampo,2024-05-14 12_41_44,0.0027825450548463,34.20571416566152,1.4753600274185512,0.983242026993428,8.7.0,22.0
137-0020,Kintampo,2024-05-14 12_41_44,0.0027825450548463,34.20571416566152,1.4753600274185512,0.983242026993428,8.7.0,22.0
137-0020,Kintampo,2024-05-15 10_10_26,0.0027271859022251,33.620415073780656,1.4685462435373702,0.9833320884038006,8.7.0,24.0
137-0020,Kintampo,2024-05-15 10_10_26,0.0027271859022251,33.620415073780656,1.4685462435373702,0.9833320884038006,8.7.0,24.0
137-0020,Kintampo,2024-05-15 10_10_26,0.0027271859022251,33.620415073780656,1.4685462435373702,0.9833320884038006,8.7.0,24.0
137-0020,Kintampo,2024-05-16 09_26_06,0.0026494054899391,33.961479994649466,1.473220055285405,0.9838001886376084,8.7.0,26.0
137-0020,Kintampo,2024-05-16 09_26_06,0.0026494054899391,33.961479994649466,1.473220055285405,0.9838001886376084,8.7.0,26.0
137-0020,Kintampo,2024-05-16 09_26_06,0.0026494054899391,33.961479994649466,1.473220055285405,0.9838001886376084,8.7.0,26.0
137-0020,Kintampo,2024-05-17 08_30_32,0.0027762382599969,33.56143155072432,1.4669176923342284,0.9828910210334846,8.7.0,24.0
137-0020,Kintampo,2024-05-17 08_30_32,0.0027762382599969,33.56143155072432,1.4669176923342284,0.9828910210334846,8.7.0,24.0
137-0020,Kintampo,2024-05-17 08_30_32,0.0027762382599969,33.56143155072432,1.4669176923342284,0.9828910210334846,8.7.0,24.0
137-0020,Kintampo,2024-06-03 14_50_51,0.0027915767821702,33.40813254586574,1.4647200333273582,0.9831988756639932,8.7.0,24.0
137-0020,Kintampo,2024-06-03 14_50_51,0.0027915767821702,33.40813254586574,1.4647200333273582,0.9831988756639932,8.7.0,24.0
137-0020,Kintampo,2024-06-03 14_50_51,0.0027915767821702,33.40813254586574,1.4647200333273582,0.9831988756639932,8.7.0,24.0
137-0020,Kintampo,2024-06-04 09_13_16,0.0025291311852732,34.68997162037204,1.4823285020715995,0.9849529203726518,8.7.0,24.0
137-0020,Kintampo,2024-06-04 09_13_16,0.0025291311852732,34.68997162037204,1.4823285020715995,0.9849529203726518,8.7.0,24.0
137-0020,Kintampo,2024-06-04 09_13_16,0.0025291311852732,34.68997162037204,1.4823285020715995,0.9849529203726518,8.7.0,24.0
137-0020,Kintampo,2024-06-11 14_00_11,0.0030426936016538,33.61725439490026,1.4646170711137625,0.9817441593792108,8.7.0,22.0
137-0020,Kintampo,2024-06-11 14_00_11,0.0030426936016538,33.61725439490026,1.4646170711137625,0.9817441593792108,8.7.0,22.0
137-0020,Kintampo,2024-06-11 14_00_11,0.0030426936016538,33.61725439490026,1.4646170711137625,0.9817441593792108,8.7.0,22.0
137-0004,Lund,2023-06-29 10_07_51,0.0025775029219977,34.60318173134688,1.4849258873364974,0.982509246180944,rc8.7.0_Beta1,
137-0004,Lund,2023-06-29 10_07_51,0.0025775029219977,34.60318173134688,1.4849258873364974,0.982509246180944,rc8.7.0_Beta1,
137-0004,Lund,2023-06-29 10_07_51,0.0025775029219977,34.60318173134688,1.4849258873364974,0.982509246180944,rc8.7.0_Beta1,
137-0004,Lund,2023-07-05 07_55_34,0.0025515302438459,34.56351004791501,1.484852239930651,0.9829969678287296,rc8.7.0_Beta1,20.0
137-0004,Lund,2023-07-05 07_55_34,0.0025515302438459,34.56351004791501,1.484852239930651,0.9829969678287296,rc8.7.0_Beta1,20.0
137-0004,Lund,2023-07-05 07_55_34,0.0025515302438459,34.56351004791501,1.484852239930651,0.9829969678287296,rc8.7.0_Beta1,20.0
137-0004,Lund,2023-07-06 12_23_47,0.0027724615364873,33.96567851549392,1.4750467531597382,0.9813136327536968,rc8.7.0_Beta1,
137-0004,Lund,2023-07-06 12_23_47,0.0027724615364873,33.96567851549392,1.4750467531597382,0.9813136327536968,rc8.7.0_Beta1,
137-0004,Lund,2023-07-06 12_23_47,0.0027724615364873,33.96567851549392,1.4750467531597382,0.9813136327536968,rc8.7.0_Beta1,
137-0004,Lund,2023-07-10 09_27_16,0.0025948400089408,34.33954273727622,1.4814332573442408,0.9825198984154234,rc8.7.0_Beta1,
137-0004,Lund,2023-07-10 09_27_16,0.0025948400089408,34.33954273727622,1.4814332573442408,0.9825198984154234,rc8.7.0_Beta1,
137-0004,Lund,2023-07-10 09_27_16,0.0025948400089408,34.33954273727622,1.4814332573442408,0.9825198984154234,rc8.7.0_Beta1,
137-0004,Lund,2023-07-17 15_08_19,0.0026060057394708,34.33229627227874,1.4813493548304093,0.9825747146052156,rc8.7.0_Beta1,
137-0004,Lund,2023-07-17 15_08_19,0.0026060057394708,34.33229627227874,1.4813493548304093,0.9825747146052156,rc8.7.0_Beta1,
137-0004,Lund,2023-07-17 15_08_19,0.0026060057394708,34.33229627227874,1.4813493548304093,0.9825747146052156,rc8.7.0_Beta1,
137-0004,Lund,2023-08-14 13_22_23,0.002563528550122,34.586134738406855,1.484834864347753,0.9827997539786492,rc8.7.0_Beta1,
137-0004,Lund,2023-08-14 13_22_23,0.002563528550122,34.586134738406855,1.484834864347753,0.9827997539786492,rc8.7.0_Beta1,
137-0004,Lund,2023-08-14 13_22_23,0.002563528550122,34.586134738406855,1.484834864347753,0.9827997539786492,rc8.7.0_Beta1,
137-0004,Lund,2023-08-21 08_19_45,0.0025502530469236,34.46048390348252,1.483351202034724,0.983332442363788,rc8.7.0_Beta1,
137-0004,Lund,2023-08-21 08_19_45,0.0025502530469236,34.46048390348252,1.483351202034724,0.983332442363788,rc8.7.0_Beta1,
137-0004,Lund,2023-08-21 08_19_45,0.0025502530469236,34.46048390348252,1.483351202034724,0.983332442363788,rc8.7.0_Beta1,
137-0004,Lund,2023-08-23 10_47_50,0.0028587201417308,34.02966696349596,1.4752163817641364,0.980594073817219,rc8.7.0_Beta1,20.0
137-0004,Lund,2023-08-23 10_47_50,0.0028587201417308,34.02966696349596,1.4752163817641364,0.980594073817219,rc8.7.0_Beta1,20.0
137-0004,Lund,2023-08-23 10_47_50,0.0028587201417308,34.02966696349596,1.4752163817641364,0.980594073817219,rc8.7.0_Beta1,20.0
137-0004,Lund,2023-08-24 08_46_10,0.002510143248632,34.236609702175095,1.4808095893496938,0.9831203255720624,rc8.7.0_Beta1,
137-0004,Lund,2023-08-24 08_46_10,0.002510143248632,34.236609702175095,1.4808095893496938,0.9831203255720624,rc8.7.0_Beta1,
137-0004,Lund,2023-08-24 08_46_10,0.002510143248632,34.236609702175095,1.4808095893496938,0.9831203255720624,rc8.7.0_Beta1,
137-0004,Lund,2023-08-25 10_24_39,0.002519929837838,34.62869128667781,1.4857875929931477,0.9831895566733873,rc8.7.0_Beta1,
137-0004,Lund,2023-08-25 10_24_39,0.002519929837838,34.62869128667781,1.4857875929931477,0.9831895566733873,rc8.7.0_Beta1,
137-0004,Lund,2023-08-25 10_24_39,0.002519929837838,34.62869128667781,1.4857875929931477,0.9831895566733873,rc8.7.0_Beta1,
137-0004,Lund,2023-08-28 08_31_12,0.0029003846337271,33.90418102396862,1.4745661214971617,0.980329948725743,rc8.7.0_Beta1,
137-0004,Lund,2023-08-28 08_31_12,0.0029003846337271,33.90418102396862,1.4745661214971617,0.980329948725743,rc8.7.0_Beta1,
137-0004,Lund,2023-08-28 08_31_12,0.0029003846337271,33.90418102396862,1.4745661214971617,0.980329948725743,rc8.7.0_Beta1,
137-0004,Lund,2023-08-30 08_54_31,0.0025391133473085,34.514362176396084,1.4839780633934918,0.9830892774683267,rc8.7.0_Beta1,
137-0004,Lund,2023-08-30 08_54_31,0.0025391133473085,34.514362176396084,1.4839780633934918,0.9830892774683267,rc8.7.0_Beta1,
137-0004,Lund,2023-08-30 08_54_31,0.0025391133473085,34.514362176396084,1.4839780633934918,0.9830892774683267,rc8.7.0_Beta1,
137-0004,Lund,2023-08-31 08_38_46,0.0026627684683065,34.19061079913586,1.479097011261468,0.9818500952181376,rc8.7.0_Beta1,
137-0004,Lund,2023-08-31 08_38_46,0.0026627684683065,34.19061079913586,1.479097011261468,0.9818500952181376,rc8.7.0_Beta1,
137-0004,Lund,2023-08-31 08_38_46,0.0026627684683065,34.19061079913586,1.479097011261468,0.9818500952181376,rc8.7.0_Beta1,
137-0004,Lund,2023-09-01 08_54_03,0.0025815468664598,34.56740141956977,1.484570433785932,0.9827110464892276,rc8.7.0_Beta1,
137-0004,Lund,2023-09-01 08_54_03,0.0025815468664598,34.56740141956977,1.484570433785932,0.9827110464892276,rc8.7.0_Beta1,
137-0004,Lund,2023-09-01 08_54_03,0.0025815468664598,34.56740141956977,1.484570433785932,0.9827110464892276,rc8.7.0_Beta1,
137-0004,Lund,2024-01-15 08_56_27,0.0028280443820619,34.7552638705313,1.485359902791756,0.981424707018902,rc8.7.0_Beta1,
137-0004,Lund,2024-01-15 08_56_27,0.0028280443820619,34.7552638705313,1.485359902791756,0.981424707018902,rc8.7.0_Beta1,
137-0004,Lund,2024-01-15 08_56_27,0.0028280443820619,34.7552638705313,1.485359902791756,0.981424707018902,rc8.7.0_Beta1,
137-0004,Lund,2024-01-17 09_56_33,0.0027440826652855,34.59512675412502,1.4829404083793964,0.9819967857830244,rc8.7.0_Beta1,
137-0004,Lund,2024-01-17 09_56_33,0.0027440826652855,34.59512675412502,1.4829404083793964,0.9819967857830244,rc8.7.0_Beta1,
137-0004,Lund,2024-01-17 09_56_33,0.0027440826652855,34.59512675412502,1.4829404083793964,0.9819967857830244,rc8.7.0_Beta1,
137-0004,Lund,2024-01-18 08_11_40,0.0027718481131283,34.26965607177771,1.4786553389022334,0.9814362213965732,rc8.7.0_Beta1,
137-0004,Lund,2024-01-18 08_11_40,0.0027718481131283,34.26965607177771,1.4786553389022334,0.9814362213965732,rc8.7.0_Beta1,
137-0004,Lund,2024-01-18 08_11_40,0.0027718481131283,34.26965607177771,1.4786553389022334,0.9814362213965732,rc8.7.0_Beta1,
137-0004,Lund,2024-01-19 08_36_20,0.0026994037606121,33.998839749142235,1.474774700035666,0.9796462865331158,rc8.7.0_Beta1,
137-0004,Lund,2024-01-19 08_36_20,0.0026994037606121,33.998839749142235,1.474774700035666,0.9796462865331158,rc8.7.0_Beta1,
137-0004,Lund,2024-01-19 08_36_20,0.0026994037606121,33.998839749142235,1.474774700035666,0.9796462865331158,rc8.7.0_Beta1,
137-0004,Lund,2024-02-26 10_02_03,0.0026617449645062,34.37658902291544,1.4802641113360238,0.9808338815501548,rc8.7.0_Beta1,
137-0004,Lund,2024-02-26 10_02_03,0.0026617449645062,34.37658902291544,1.4802641113360238,0.9808338815501548,rc8.7.0_Beta1,
137-0004,Lund,2024-02-26 10_02_03,0.0026617449645062,34.37658902291544,1.4802641113360238,0.9808338815501548,rc8.7.0_Beta1,
137-0004,Lund,2024-02-27 07_55_02,0.0025995458261424,34.523176849726134,1.4830106291150582,0.9817184296303858,rc8.7.0_Beta1,
137-0004,Lund,2024-02-27 07_55_02,0.0025995458261424,34.523176849726134,1.4830106291150582,0.9817184296303858,rc8.7.0_Beta1,
137-0004,Lund,2024-02-27 07_55_02,0.0025995458261424,34.523176849726134,1.4830106291150582,0.9817184296303858,rc8.7.0_Beta1,
137-0004,Lund,2024-02-29 08_20_02,0.0026280560763754,34.29554262716918,1.479301569622537,0.9812789722994972,rc8.7.0_Beta1,
137-0004,Lund,2024-02-29 08_20_02,0.0026280560763754,34.29554262716918,1.479301569622537,0.9812789722994972,rc8.7.0_Beta1,
137-0004,Lund,2024-02-29 08_20_02,0.0026280560763754,34.29554262716918,1.479301569622537,0.9812789722994972,rc8.7.0_Beta1,
137-0031,Gaborone,2024-03-18 08_14_39,0.0026660388919589,33.51356413366008,1.4652841450604317,0.9837544559558578,8.6.1,27.0
137-0031,Gaborone,2024-03-18 08_14_39,0.0026656289295382,33.51423200879196,1.4652919555264938,0.9837540844745526,8.6.1,27.0
137-0031,Gaborone,2024-03-22 08_18_06,0.0025785411121962,32.786966501685555,1.4569404928746938,0.984297114310304,8.6.1,27.0
137-0031,Gaborone,2024-03-22 08_18_06,0.002578659359084,32.7867673472366,1.4569306633827812,0.9842981282038412,8.6.1,27.0
137-0031,Gaborone,2024-03-19 08_14_27,0.0029672772680011,32.808421627093686,1.4530422600541038,0.9817355507451327,8.6.1,27.0
137-0031,Gaborone,2024-03-19 08_14_27,0.0029676700702897,32.807846754708265,1.4530168054417618,0.98173511470678,8.6.1,27.0
137-0031,Gaborone,2024-02-28 08_14_34,0.0277723423832256,23.20019881550108,1.8466777550032485,0.9103461564090806,8.6.1,27.0
137-0031,Gaborone,2024-02-27 09_11_46,0.0260817358960758,23.51378407648109,1.8615780500123933,0.9317564987412328,8.6.1,27.0
137-0031,Gaborone,2024-02-23 08_48_51,0.0254765062194918,23.325496861956424,1.862747487603552,0.9335327655841712,8.6.1,27.0
137-0031,Gaborone,2024-02-22 09_10_31,0.0250967137977798,23.225362210516884,1.861088041613412,0.9376263926286053,8.6.1,27.0
137-0008,UBC,2024-03-14 08_03_47,0.0022769690513592,35.089169342955564,1.494019153704052,0.9859685358137514,rc8.7.0_Beta1,27.0
137-0008,UBC,2024-03-12 08_03_22,0.0022649101125622,35.07199536139761,1.494062066427833,0.986134894722624,rc8.7.0_Beta1,27.0
137-0008,UBC,2024-03-13 07_19_48,0.0022530136297765,35.27436277293116,1.4966143798084266,0.986209684643403,rc8.7.0_Beta1,27.0
